,precision,recall,f1-score,support
Adialer.C,0.9473684210526315,1.0,0.972972972972973,36.0
Agent.FYI,1.0,1.0,1.0,19.0
Allaple.A,1.0,1.0,1.0,592.0
Allaple.L,1.0,1.0,1.0,310.0
Alueron.gen!J,1.0,1.0,1.0,45.0
Autorun.K,1.0,1.0,1.0,18.0
C2LOP.P,0.9583333333333334,0.92,0.9387755102040817,25.0
C2LOP.gen!g,0.9473684210526315,1.0,0.972972972972973,36.0
Dialplatform.B,1.0,1.0,1.0,49.0
Dontovo.A,1.0,1.0,1.0,34.0
Fakerean,1.0,1.0,1.0,69.0
Instantaccess,1.0,1.0,1.0,89.0
Lolyda.AA1,0.9736842105263158,1.0,0.9866666666666666,37.0
Lolyda.AA2,1.0,0.975609756097561,0.9876543209876543,41.0
Lolyda.AA3,1.0,1.0,1.0,23.0
Lolyda.AT,1.0,1.0,1.0,27.0
Malex.gen!J,1.0,1.0,1.0,27.0
Obfuscator.AD,1.0,1.0,1.0,25.0
Rbot!gen,1.0,1.0,1.0,32.0
Skintrim.N,1.0,1.0,1.0,13.0
Swizzor.gen!E,0.6086956521739131,0.7368421052631579,0.6666666666666666,19.0
Swizzor.gen!I,0.8181818181818182,0.6206896551724138,0.7058823529411765,29.0
VB.AT,1.0,1.0,1.0,84.0
Wintrim.BX,1.0,1.0,1.0,19.0
Yuner.A,1.0,1.0,1.0,170.0
accuracy,0.9898286937901499,0.9898286937901499,0.9898286937901499,0.9898286937901499
macro avg,0.9701452742528258,0.9701256606613253,0.9692636585364877,1868.0
weighted avg,0.9900897567222556,0.9898286937901499,0.9896473182753092,1868.0
